[{"model": "auth.user", "pk": 1, "fields": {"password": "pbkdf2_sha256$36000$3V0KjGktjpXQ$qetrCD7EhZ/U5rziR5qT5AelmVQrW5L3uinJBnG3rc8=", "last_login": "2017-04-10T19:47:14Z", "is_superuser": false, "username": "some_dude", "first_name": "\u0412\u043b\u0430\u0434\u0438\u043c\u0438\u0440", "last_name": "\u0426\u0430\u043f", "email": "asd@gmail.com", "is_staff": false, "is_active": true, "date_joined": "2017-04-10T19:47:13Z", "groups": [], "user_permissions": []}}, {"model": "auth.user", "pk": 2, "fields": {"password": "pbkdf2_sha256$36000$090PexrHqQqv$BqWOIjin4//+t+we49CToOhxVjAI8KY+XyVDoeQyadA=", "last_login": "2017-04-10T20:01:42.401Z", "is_superuser": true, "username": "admin", "first_name": "", "last_name": "", "email": "dsad@gmail.com", "is_staff": true, "is_active": true, "date_joined": "2017-04-10T20:01:22.855Z", "groups": [], "user_permissions": []}}, {"model": "auth.user", "pk": 3, "fields": {"password": "pbkdf2_sha256$36000$pIUIHXzA0YK5$8mFLNlHXQylFqZNtX2XrojwNqwlwatcDOUlQi2AbOOs=", "last_login": "2017-04-10T21:21:33.294Z", "is_superuser": false, "username": "person1", "first_name": "\u041d\u0430\u0434\u0435\u0436\u0434\u0430", "last_name": "\u0411\u0435\u0440\u0435\u043d\u043e\u0432\u0430", "email": "some@gmail.com", "is_staff": false, "is_active": true, "date_joined": "2017-04-10T20:46:05Z", "groups": [], "user_permissions": []}}, {"model": "auth.user", "pk": 4, "fields": {"password": "pbkdf2_sha256$36000$DmOhPZvz7X8I$7f4yhI98ihXhqIBnlbogQgEgTLvwPUl5jY2DIx8Yick=", "last_login": null, "is_superuser": false, "username": "person2", "first_name": "\u0418\u0433\u043e\u0440\u044c", "last_name": "\u0413\u043e\u0440\u0431\u0443\u043d\u043e\u0432", "email": "", "is_staff": false, "is_active": true, "date_joined": "2017-04-10T20:46:15Z", "groups": [], "user_permissions": []}}, {"model": "auth.user", "pk": 5, "fields": {"password": "pbkdf2_sha256$36000$3MmsM1sZQTJn$VbtPAIxQkY/EjMeylsqjNFgMoKAgq5aq1Ezi6YKkiMc=", "last_login": null, "is_superuser": false, "username": "person3", "first_name": "\u0418\u0433\u043e\u0440\u044c", "last_name": "\u0417\u0430\u0432\u044c\u044f\u043b\u043e\u0432", "email": "", "is_staff": false, "is_active": true, "date_joined": "2017-04-10T20:46:43Z", "groups": [], "user_permissions": []}}, {"model": "auth.user", "pk": 6, "fields": {"password": "pbkdf2_sha256$36000$IbO9W40buZud$bZWf0Pr1qhchMgFPM41MguCN1cyc+18DeAr/nItcPko=", "last_login": null, "is_superuser": false, "username": "person5", "first_name": "\u041a\u043e\u043d\u0441\u0442\u0430\u043d\u0442\u0438\u043d", "last_name": "\u0420\u0435\u043f\u0438\u043d", "email": "", "is_staff": false, "is_active": true, "date_joined": "2017-04-10T20:46:49Z", "groups": [], "user_permissions": []}}, {"model": "auth.user", "pk": 7, "fields": {"password": "pbkdf2_sha256$36000$u6KJRvw3DvFl$8mirMf+vXitMF+sImEzc5BmCfNjnGGSzxjwStkfKjes=", "last_login": null, "is_superuser": false, "username": "person6", "first_name": "\u042e\u0440\u0438\u0439", "last_name": "\u0420\u044b\u0431\u0438\u043d", "email": "", "is_staff": false, "is_active": true, "date_joined": "2017-04-10T20:46:55Z", "groups": [], "user_permissions": []}}, {"model": "auth.user", "pk": 8, "fields": {"password": "pbkdf2_sha256$36000$eCLkWGVoGsxw$IZSlFN0oe7gsTQRItK6LPpoDmMvOvsmLKX7XXmg62WE=", "last_login": null, "is_superuser": false, "username": "person7", "first_name": "\u0422\u0430\u0442\u044c\u044f\u043d\u0430", "last_name": "\u0423\u043b\u044c\u044f\u043d\u043e\u0432\u0430", "email": "", "is_staff": false, "is_active": true, "date_joined": "2017-04-10T20:47:01Z", "groups": [], "user_permissions": []}}, {"model": "sessions.session", "pk": "aqdxt3tfu80hyitxm7ocmlkbrzue43gg", "fields": {"session_data": "NmIwYThlMWYyODZjNDkxOTA0MTlhNjQ4OGM2NjU2MWY2YTIzNzEzMTp7Il9hdXRoX3VzZXJfaWQiOiIzIiwiX2F1dGhfdXNlcl9iYWNrZW5kIjoiZGphbmdvLmNvbnRyaWIuYXV0aC5iYWNrZW5kcy5Nb2RlbEJhY2tlbmQiLCJfYXV0aF91c2VyX2hhc2giOiIzMTg0NzAxMGMxMTk0NTBiZmEzNDQyNGUwNTViNjYzZTYwNWRiMmQ0In0=", "expire_date": "2017-04-24T21:21:33.384Z"}}, {"model": "sites.site", "pk": 1, "fields": {"domain": "example.com", "name": "example.com"}}, {"model": "med.hospital", "pk": 1, "fields": {"name": "\u0414\u0438\u043d\u0430\u0441\u0442\u0438\u044f, \u0421\u0435\u043c\u0435\u0439\u043d\u0430\u044f \u041a\u043b\u0438\u043d\u0438\u043a\u0430", "address": "\u0411\u0435\u043b\u0438\u043d\u0441\u043a\u043e\u0433\u043e, 32", "phone_number": "83432871212", "slug": "\u0434\u0438\u043d\u0430\u0441\u0442\u0438\u044f-\u0441\u0435\u043c\u0435\u0439\u043d\u0430\u044f-\u043a\u043b\u0438\u043d\u0438\u043a\u0430"}}, {"model": "med.hospital", "pk": 2, "fields": {"name": "\u0417\u0434\u043e\u0440\u043e\u0432\u044c\u0435 365", "address": "\u0421\u043e\u044e\u0437\u043d\u0430\u044f \u0443\u043b., 2", "phone_number": "83432701712", "slug": "\u0437\u0434\u043e\u0440\u043e\u0432\u044c\u0435-365"}}, {"model": "med.hospital", "pk": 3, "fields": {"name": "\u0412\u0430\u0448 \u0441\u0435\u043c\u0435\u0439\u043d\u044b\u0439 \u0434\u043e\u043a\u0442\u043e\u0440", "address": "\u0443\u043b. \u0427\u0430\u043f\u0430\u0435\u0432\u0430, 21", "phone_number": "83432510900", "slug": "\u0432\u0430\u0448-\u0441\u0435\u043c\u0435\u0439\u043d\u044b\u0439-\u0434\u043e\u043a\u0442\u043e\u0440"}}, {"model": "med.hospital", "pk": 4, "fields": {"name": "\u0410\u043b\u043c\u0435\u0434", "address": "\u0443\u043b. \u0424\u0440\u0443\u043d\u0437\u0435, 20", "phone_number": "83432878888", "slug": "\u0430\u043b\u043c\u0435\u0434"}}, {"model": "med.category", "pk": 1, "fields": {"name": "\u0412\u0437\u0440\u043e\u0441\u043b\u044b\u0435 \u0441\u043f\u0435\u0446\u0438\u0430\u043b\u0438\u0441\u0442\u044b", "type_category": "Cons."}}, {"model": "med.category", "pk": 2, "fields": {"name": "\u0410\u043a\u0443\u0448\u0435\u0440\u0441\u0442\u0432\u043e \u0438 \u0433\u0438\u043d\u0435\u043a\u043e\u043b\u043e\u0433\u0438\u044f", "type_category": "Cons."}}, {"model": "med.category", "pk": 3, "fields": {"name": "\u041f\u0435\u0434\u0438\u0430\u0442\u0440\u0438\u044f", "type_category": "Cons."}}, {"model": "med.category", "pk": 4, "fields": {"name": "\u0414\u0435\u0442\u0441\u043a\u0438\u0435 \u0441\u043f\u0435\u0446\u0438\u0430\u043b\u0438\u0441\u0442\u044b", "type_category": "Cons."}}, {"model": "med.category", "pk": 5, "fields": {"name": "\u041e\u0442\u043e\u043b\u0430\u0440\u0438\u043d\u0433\u043e\u043b\u043e\u0433\u0438\u044f", "type_category": "Cons."}}, {"model": "med.category", "pk": 6, "fields": {"name": "\u0410\u043b\u043b\u0435\u0440\u0433\u043e\u043b\u043e\u0433\u0438\u044f, \u0438\u043c\u043c\u0443\u043d\u043e\u043b\u043e\u0433\u0438\u044f, \u043f\u0443\u043b\u044c\u043c\u043e\u043d\u043e\u043b\u043e\u0433\u0438\u044f", "type_category": "Cons."}}, {"model": "med.category", "pk": 7, "fields": {"name": "\u041e\u0444\u0442\u0430\u043b\u044c\u043c\u043e\u043b\u043e\u0433\u0438\u044f", "type_category": "Cons."}}, {"model": "med.category", "pk": 8, "fields": {"name": "\u0421\u043f\u0440\u0430\u0432\u043a\u0438 \u0438 \u043e\u0441\u043c\u043e\u0442\u0440\u044b", "type_category": "Cons."}}, {"model": "med.category", "pk": 9, "fields": {"name": "\u0421\u0430\u043d\u0430\u0442\u043e\u0440\u043d\u043e - \u043a\u0443\u0440\u043e\u0440\u0442\u043d\u0430\u044f \u043a\u0430\u0440\u0442\u0430", "type_category": "Cons."}}, {"model": "med.disease", "pk": 1, "fields": {"name": "\u041a\u043e\u043d\u0441\u0443\u043b\u044c\u0442\u0430\u0446\u0438\u044f \u0432\u0440\u0430\u0447\u0430-\u0441\u043f\u0435\u0446\u0438\u0430\u043b\u0438\u0441\u0442\u0430 (\u0432\u0437\u0440\u043e\u0441\u043b\u043e\u0433\u043e)", "avg_price": "0.00", "category": 1}}, {"model": "med.disease", "pk": 2, "fields": {"name": "\u041a\u043e\u043d\u0441\u0443\u043b\u044c\u0442\u0430\u0446\u0438\u044f \u0432\u0440\u0430\u0447\u0430 - \u0440\u0435\u0432\u043c\u0430\u0442\u043e\u043b\u043e\u0433\u0430", "avg_price": "0.00", "category": 1}}, {"model": "med.disease", "pk": 3, "fields": {"name": "\u041a\u043e\u043d\u0441\u0443\u043b\u044c\u0442\u0430\u0446\u0438\u044f \u0432\u0440\u0430\u0447\u0430 \u0430\u043a\u0443\u0448\u0435\u0440\u0430 - \u0433\u0438\u043d\u0435\u043a\u043e\u043b\u043e\u0433\u0430", "avg_price": "0.00", "category": 2}}, {"model": "med.disease", "pk": 4, "fields": {"name": "\u041a\u043e\u043d\u0441\u0443\u043b\u044c\u0442\u0430\u0446\u0438\u044f \u0432\u0440\u0430\u0447\u0430 \u0433\u0438\u043d\u0435\u043a\u043e\u043b\u043e\u0433\u0430 - \u044d\u043d\u0434\u043e\u043a\u0440\u0438\u043d\u043e\u043b\u043e\u0433\u0430", "avg_price": "0.00", "category": 2}}, {"model": "med.disease", "pk": 5, "fields": {"name": "\u041a\u043e\u043d\u0441\u0443\u043b\u044c\u0442\u0430\u0446\u0438\u044f \u0432\u0440\u0430\u0447\u0430 - \u043f\u0435\u0434\u0438\u0430\u0442\u0440\u0430", "avg_price": "0.00", "category": 3}}, {"model": "med.disease", "pk": 6, "fields": {"name": "\u041a\u043e\u043d\u0441\u0443\u043b\u044c\u0442\u0430\u0446\u0438\u044f \u0432\u0440\u0430\u0447\u0430 - \u043f\u0435\u0434\u0438\u0430\u0442\u0440 \u0434\u0435\u0442\u044f\u043c \u0434\u043e 1 \u0433\u043e\u0434\u0430", "avg_price": "0.00", "category": 3}}, {"model": "med.disease", "pk": 7, "fields": {"name": "\u041a\u043e\u043d\u0441\u0443\u043b\u044c\u0442\u0430\u0446\u0438\u044f \u0432\u0440\u0430\u0447\u0430 - \u0441\u043f\u0435\u0446\u0438\u0430\u043b\u0438\u0441\u0442\u0430 (\u0434\u0435\u0442\u0441\u043a\u043e\u0433\u043e)", "avg_price": "0.00", "category": 4}}, {"model": "med.disease", "pk": 8, "fields": {"name": "\u041a\u043e\u043d\u0441\u0443\u043b\u044c\u0442\u0430\u0446\u0438\u044f \u0432\u0440\u0430\u0447\u0430 - \u0441\u043f\u0435\u0446\u0438\u0430\u043b\u0438\u0441\u0442\u0430 (\u0434\u0435\u0442\u0441\u043a\u043e\u0433\u043e) \u0434\u043b\u044f \u0434\u0435\u0442\u0435\u0439 \u0441 \u043e\u0433\u0440\u0430\u043d\u0438\u0447\u0435\u043d\u043d\u044b\u043c\u0438 \u0432\u043e\u0437\u043c\u043e\u0436\u043d\u043e\u0441\u0442\u044f\u043c\u0438", "avg_price": "0.00", "category": 4}}, {"model": "med.disease", "pk": 9, "fields": {"name": "\u041a\u043e\u043d\u0441\u0443\u043b\u044c\u0442\u0430\u0446\u0438\u044f \u0432\u0440\u0430\u0447\u0430 - \u043e\u0442\u043e\u043b\u0430\u0440\u0438\u043d\u0433\u043e\u043b\u043e\u0433\u0430", "avg_price": "0.00", "category": 5}}, {"model": "med.disease", "pk": 10, "fields": {"name": "\u041a\u043e\u043d\u0441\u0443\u043b\u044c\u0442\u0430\u0446\u0438\u044f \u0432\u0440\u0430\u0447\u0430 - \u043e\u0442\u043e\u043b\u0430\u0440\u0438\u043d\u0433\u043e\u043b\u043e\u0433\u0430 \u043f\u043e\u0432\u0442\u043e\u0440\u043d\u0430\u044f", "avg_price": "0.00", "category": 5}}, {"model": "med.disease", "pk": 11, "fields": {"name": "\u041a\u043e\u043d\u0441\u0443\u043b\u044c\u0442\u0430\u0446\u0438\u044f \u0432\u0440\u0430\u0447\u0430 \u0430\u043b\u043b\u0435\u0440\u0433\u043e\u043b\u043e\u0433\u0430 - \u0438\u043c\u043c\u0443\u043d\u043e\u043b\u043e\u0433\u0430", "avg_price": "0.00", "category": 6}}, {"model": "med.disease", "pk": 12, "fields": {"name": "\u041a\u043e\u043d\u0441\u0443\u043b\u044c\u0442\u0430\u0446\u0438\u044f \u0432\u0440\u0430\u0447\u0430 \u0430\u043b\u043b\u0435\u0440\u0433\u043e\u043b\u043e\u0433\u0430 - \u043f\u0443\u043b\u044c\u043c\u043e\u043d\u043e\u043b\u043e\u0433\u0430, \u0414\u041c\u041d, \u043f\u0440\u043e\u0444\u0435\u0441\u0441\u043e\u0440\u0430", "avg_price": "0.00", "category": 6}}, {"model": "med.disease", "pk": 13, "fields": {"name": "\u041a\u043e\u043d\u0441\u0443\u043b\u044c\u0442\u0430\u0446\u0438\u044f \u0432\u0440\u0430\u0447\u0430 - \u043e\u0444\u0442\u0430\u043b\u044c\u043c\u043e\u043b\u043e\u0433\u0430 \u0441 \u043e\u0431\u0441\u043b\u0435\u0434\u043e\u0432\u0430\u043d\u0438\u0435\u043c", "avg_price": "0.00", "category": 7}}, {"model": "med.disease", "pk": 14, "fields": {"name": "\u041e\u0441\u043c\u043e\u0442\u0440 \u043e\u0444\u0442\u0430\u043b\u044c\u043c\u043e\u043b\u043e\u0433\u0430 \u043f\u043e\u0441\u043b\u0435 \u043f\u0440\u043e\u0445\u043e\u0436\u0434\u0435\u043d\u0438\u044f \u043a\u0443\u0440\u0441\u0430 \u0430\u043f\u043f\u0430\u0440\u0430\u0442\u043d\u043e\u0433\u043e \u043b\u0435\u0447\u0435\u043d\u0438\u044f \u0432 \u043a\u0430\u0431\u0438\u043d\u0435\u0442\u0435 \u043e\u0445\u0440\u0430\u043d\u044b \u0437\u0440\u0435\u043d\u0438\u044f", "avg_price": "0.00", "category": 7}}, {"model": "med.disease", "pk": 15, "fields": {"name": "\u041e\u0444\u043e\u0440\u043c\u043b\u0435\u043d\u0438\u0435 \u0441\u043f\u0440\u0430\u0432\u043a\u0438 \u0432 \u0431\u0430\u0441\u0441\u0435\u0439\u043d", "avg_price": "0.00", "category": 8}}, {"model": "med.disease", "pk": 16, "fields": {"name": "\u0421\u043f\u0440\u0430\u0432\u043a\u0430 \u043e \u044d\u043f\u0438\u0434\u0431\u043b\u0430\u0433\u043e\u043f\u043e\u043b\u0443\u0447\u0438\u0438", "avg_price": "0.00", "category": 8}}, {"model": "med.disease", "pk": 17, "fields": {"name": "\u041e\u0444\u043e\u0440\u043c\u043b\u0435\u043d\u0438\u0435 \u043f\u0440\u0438\u0432\u0438\u0432\u043e\u0447\u043d\u043e\u0433\u043e \u0441\u0435\u0440\u0442\u0438\u0444\u0438\u043a\u0430\u0442\u0430", "avg_price": "0.00", "category": 8}}, {"model": "med.disease", "pk": 18, "fields": {"name": "\u041e\u0444\u043e\u0440\u043c\u043b\u0435\u043d\u0438\u0435 \u0441\u0430\u043d\u0430\u0442\u043e\u0440\u043d\u043e - \u043a\u0443\u0440\u043e\u0440\u0442\u043d\u043e\u0439 \u043a\u0430\u0440\u0442\u044b \u0434\u043b\u044f \u0436\u0435\u043d\u0449\u0438\u043d (\u0432 \u0441\u0442\u043e\u0438\u043c\u043e\u0441\u0442\u044c \u0432\u043a\u043b\u044e\u0447\u0435\u043d\u044b \u0430\u043d\u0430\u043b\u0438\u0437\u044b) \u043a\u043e\u043c\u043f\u043b\u0435\u043a\u0441 \u0441\u043e \u0441\u043a\u0438\u0434\u043a\u043e\u0439 10%", "avg_price": "0.00", "category": 9}}, {"model": "med.disease", "pk": 19, "fields": {"name": "\u041e\u0444\u043e\u0440\u043c\u043b\u0435\u043d\u0438\u0435 \u0441\u0430\u043d\u0430\u0442\u043e\u0440\u043d\u043e - \u043a\u0443\u0440\u043e\u0440\u0442\u043d\u043e\u0439 \u043a\u0430\u0440\u0442\u044b \u0434\u043b\u044f \u043c\u0443\u0436\u0447\u0438\u043d(\u0432 \u0441\u0442\u043e\u0438\u043c\u043e\u0441\u0442\u044c \u0432\u043a\u043b\u044e\u0447\u0435\u043d\u044b \u0430\u043d\u0430\u043b\u0438\u0437\u044b) \u043a\u043e\u043c\u043f\u043b\u0435\u043a\u0441 \u0441\u043e \u0441\u043a\u0438\u0434\u043a\u043e\u0439 10%", "avg_price": "0.00", "category": 9}}, {"model": "med.doctor", "pk": 1, "fields": {"user": 3, "hospital": 1, "category": 1, "likes": 0, "picture": "profile_images/Glvrach_1.jpg"}}, {"model": "med.doctor", "pk": 2, "fields": {"user": 4, "hospital": 1, "category": 2, "likes": 0, "picture": "profile_images/resize.jpg"}}, {"model": "med.doctor", "pk": 3, "fields": {"user": 5, "hospital": 2, "category": 3, "likes": 0, "picture": "profile_images/resize_1.jpg"}}, {"model": "med.doctor", "pk": 4, "fields": {"user": 6, "hospital": 4, "category": 5, "likes": 0, "picture": ""}}, {"model": "med.doctor", "pk": 5, "fields": {"user": 7, "hospital": 3, "category": 7, "likes": 0, "picture": ""}}, {"model": "med.doctor", "pk": 6, "fields": {"user": 8, "hospital": 3, "category": 9, "likes": 0, "picture": ""}}, {"model": "med.doctor", "pk": 7, "fields": {"user": 1, "hospital": 2, "category": 7, "likes": 0, "picture": ""}}, {"model": "admin.logentry", "pk": 1, "fields": {"action_time": "2017-04-10T20:17:05.976Z", "user": 2, "content_type": 8, "object_id": "1", "object_repr": "\u0412\u0437\u0440\u043e\u0441\u043b\u044b\u0435 \u0441\u043f\u0435\u0446\u0438\u0430\u043b\u0438\u0441\u0442\u044b", "action_flag": 1, "change_message": "[{\"added\": {}}]"}}, {"model": "admin.logentry", "pk": 2, "fields": {"action_time": "2017-04-10T20:17:14.639Z", "user": 2, "content_type": 8, "object_id": "2", "object_repr": "\u0410\u043a\u0443\u0448\u0435\u0440\u0441\u0442\u0432\u043e \u0438 \u0433\u0438\u043d\u0435\u043a\u043e\u043b\u043e\u0433\u0438\u044f", "action_flag": 1, "change_message": "[{\"added\": {}}]"}}, {"model": "admin.logentry", "pk": 3, "fields": {"action_time": "2017-04-10T20:17:19.121Z", "user": 2, "content_type": 8, "object_id": "3", "object_repr": "\u041f\u0435\u0434\u0438\u0430\u0442\u0440\u0438\u044f", "action_flag": 1, "change_message": "[{\"added\": {}}]"}}, {"model": "admin.logentry", "pk": 4, "fields": {"action_time": "2017-04-10T20:17:25.588Z", "user": 2, "content_type": 8, "object_id": "4", "object_repr": "\u0414\u0435\u0442\u0441\u043a\u0438\u0435 \u0441\u043f\u0435\u0446\u0438\u0430\u043b\u0438\u0441\u0442\u044b", "action_flag": 1, "change_message": "[{\"added\": {}}]"}}, {"model": "admin.logentry", "pk": 5, "fields": {"action_time": "2017-04-10T20:17:29.632Z", "user": 2, "content_type": 8, "object_id": "5", "object_repr": "\u041e\u0442\u043e\u043b\u0430\u0440\u0438\u043d\u0433\u043e\u043b\u043e\u0433\u0438\u044f", "action_flag": 1, "change_message": "[{\"added\": {}}]"}}, {"model": "admin.logentry", "pk": 6, "fields": {"action_time": "2017-04-10T20:17:36.984Z", "user": 2, "content_type": 8, "object_id": "6", "object_repr": "\u0410\u043b\u043b\u0435\u0440\u0433\u043e\u043b\u043e\u0433\u0438\u044f, \u0438\u043c\u043c\u0443\u043d\u043e\u043b\u043e\u0433\u0438\u044f, \u043f\u0443\u043b\u044c\u043c\u043e\u043d\u043e\u043b\u043e\u0433\u0438\u044f", "action_flag": 1, "change_message": "[{\"added\": {}}]"}}, {"model": "admin.logentry", "pk": 7, "fields": {"action_time": "2017-04-10T20:17:41.204Z", "user": 2, "content_type": 8, "object_id": "7", "object_repr": "\u041e\u0444\u0442\u0430\u043b\u044c\u043c\u043e\u043b\u043e\u0433\u0438\u044f", "action_flag": 1, "change_message": "[{\"added\": {}}]"}}, {"model": "admin.logentry", "pk": 8, "fields": {"action_time": "2017-04-10T20:17:45.045Z", "user": 2, "content_type": 8, "object_id": "8", "object_repr": "\u0421\u043f\u0440\u0430\u0432\u043a\u0438 \u0438 \u043e\u0441\u043c\u043e\u0442\u0440\u044b", "action_flag": 1, "change_message": "[{\"added\": {}}]"}}, {"model": "admin.logentry", "pk": 9, "fields": {"action_time": "2017-04-10T20:17:53.000Z", "user": 2, "content_type": 8, "object_id": "9", "object_repr": "\u0421\u0430\u043d\u0430\u0442\u043e\u0440\u043d\u043e - \u043a\u0443\u0440\u043e\u0440\u0442\u043d\u0430\u044f \u043a\u0430\u0440\u0442\u0430", "action_flag": 1, "change_message": "[{\"added\": {}}]"}}, {"model": "admin.logentry", "pk": 10, "fields": {"action_time": "2017-04-10T20:19:47.352Z", "user": 2, "content_type": 9, "object_id": "1", "object_repr": "\u041a\u043e\u043d\u0441\u0443\u043b\u044c\u0442\u0430\u0446\u0438\u044f \u0432\u0440\u0430\u0447\u0430-\u0441\u043f\u0435\u0446\u0438\u0430\u043b\u0438\u0441\u0442\u0430 (\u0432\u0437\u0440\u043e\u0441\u043b\u043e\u0433\u043e)", "action_flag": 1, "change_message": "[{\"added\": {}}]"}}, {"model": "admin.logentry", "pk": 11, "fields": {"action_time": "2017-04-10T20:19:55.182Z", "user": 2, "content_type": 9, "object_id": "2", "object_repr": "\u041a\u043e\u043d\u0441\u0443\u043b\u044c\u0442\u0430\u0446\u0438\u044f \u0432\u0440\u0430\u0447\u0430 - \u0440\u0435\u0432\u043c\u0430\u0442\u043e\u043b\u043e\u0433\u0430", "action_flag": 1, "change_message": "[{\"added\": {}}]"}}, {"model": "admin.logentry", "pk": 12, "fields": {"action_time": "2017-04-10T20:20:02.613Z", "user": 2, "content_type": 9, "object_id": "3", "object_repr": "\u041a\u043e\u043d\u0441\u0443\u043b\u044c\u0442\u0430\u0446\u0438\u044f \u0432\u0440\u0430\u0447\u0430 \u0430\u043a\u0443\u0448\u0435\u0440\u0430 - \u0433\u0438\u043d\u0435\u043a\u043e\u043b\u043e\u0433\u0430", "action_flag": 1, "change_message": "[{\"added\": {}}]"}}, {"model": "admin.logentry", "pk": 13, "fields": {"action_time": "2017-04-10T20:20:11.043Z", "user": 2, "content_type": 9, "object_id": "4", "object_repr": "\u041a\u043e\u043d\u0441\u0443\u043b\u044c\u0442\u0430\u0446\u0438\u044f \u0432\u0440\u0430\u0447\u0430 \u0433\u0438\u043d\u0435\u043a\u043e\u043b\u043e\u0433\u0430 - \u044d\u043d\u0434\u043e\u043a\u0440\u0438\u043d\u043e\u043b\u043e\u0433\u0430", "action_flag": 1, "change_message": "[{\"added\": {}}]"}}, {"model": "admin.logentry", "pk": 14, "fields": {"action_time": "2017-04-10T20:20:18.669Z", "user": 2, "content_type": 9, "object_id": "5", "object_repr": "\u041a\u043e\u043d\u0441\u0443\u043b\u044c\u0442\u0430\u0446\u0438\u044f \u0432\u0440\u0430\u0447\u0430 - \u043f\u0435\u0434\u0438\u0430\u0442\u0440\u0430", "action_flag": 1, "change_message": "[{\"added\": {}}]"}}, {"model": "admin.logentry", "pk": 15, "fields": {"action_time": "2017-04-10T20:20:30.801Z", "user": 2, "content_type": 9, "object_id": "6", "object_repr": "\u041a\u043e\u043d\u0441\u0443\u043b\u044c\u0442\u0430\u0446\u0438\u044f \u0432\u0440\u0430\u0447\u0430 - \u043f\u0435\u0434\u0438\u0430\u0442\u0440 \u0434\u0435\u0442\u044f\u043c \u0434\u043e 1 \u0433\u043e\u0434\u0430", "action_flag": 1, "change_message": "[{\"added\": {}}]"}}, {"model": "admin.logentry", "pk": 16, "fields": {"action_time": "2017-04-10T20:20:38.617Z", "user": 2, "content_type": 9, "object_id": "7", "object_repr": "\u041a\u043e\u043d\u0441\u0443\u043b\u044c\u0442\u0430\u0446\u0438\u044f \u0432\u0440\u0430\u0447\u0430 - \u0441\u043f\u0435\u0446\u0438\u0430\u043b\u0438\u0441\u0442\u0430 (\u0434\u0435\u0442\u0441\u043a\u043e\u0433\u043e)", "action_flag": 1, "change_message": "[{\"added\": {}}]"}}, {"model": "admin.logentry", "pk": 17, "fields": {"action_time": "2017-04-10T20:20:45.852Z", "user": 2, "content_type": 9, "object_id": "8", "object_repr": "\u041a\u043e\u043d\u0441\u0443\u043b\u044c\u0442\u0430\u0446\u0438\u044f \u0432\u0440\u0430\u0447\u0430 - \u0441\u043f\u0435\u0446\u0438\u0430\u043b\u0438\u0441\u0442\u0430 (\u0434\u0435\u0442\u0441\u043a\u043e\u0433\u043e) \u0434\u043b\u044f \u0434\u0435\u0442\u0435\u0439 \u0441 \u043e\u0433\u0440\u0430\u043d\u0438\u0447\u0435\u043d\u043d\u044b\u043c\u0438 \u0432\u043e\u0437\u043c\u043e\u0436\u043d\u043e\u0441\u0442\u044f\u043c\u0438", "action_flag": 1, "change_message": "[{\"added\": {}}]"}}, {"model": "admin.logentry", "pk": 18, "fields": {"action_time": "2017-04-10T20:21:08.121Z", "user": 2, "content_type": 9, "object_id": "9", "object_repr": "\u041a\u043e\u043d\u0441\u0443\u043b\u044c\u0442\u0430\u0446\u0438\u044f \u0432\u0440\u0430\u0447\u0430 - \u043e\u0442\u043e\u043b\u0430\u0440\u0438\u043d\u0433\u043e\u043b\u043e\u0433\u0430", "action_flag": 1, "change_message": "[{\"added\": {}}]"}}, {"model": "admin.logentry", "pk": 19, "fields": {"action_time": "2017-04-10T20:21:16.442Z", "user": 2, "content_type": 9, "object_id": "10", "object_repr": "\u041a\u043e\u043d\u0441\u0443\u043b\u044c\u0442\u0430\u0446\u0438\u044f \u0432\u0440\u0430\u0447\u0430 - \u043e\u0442\u043e\u043b\u0430\u0440\u0438\u043d\u0433\u043e\u043b\u043e\u0433\u0430 \u043f\u043e\u0432\u0442\u043e\u0440\u043d\u0430\u044f", "action_flag": 1, "change_message": "[{\"added\": {}}]"}}, {"model": "admin.logentry", "pk": 20, "fields": {"action_time": "2017-04-10T20:21:25.854Z", "user": 2, "content_type": 9, "object_id": "11", "object_repr": "\u041a\u043e\u043d\u0441\u0443\u043b\u044c\u0442\u0430\u0446\u0438\u044f \u0432\u0440\u0430\u0447\u0430 \u0430\u043b\u043b\u0435\u0440\u0433\u043e\u043b\u043e\u0433\u0430 - \u0438\u043c\u043c\u0443\u043d\u043e\u043b\u043e\u0433\u0430", "action_flag": 1, "change_message": "[{\"added\": {}}]"}}, {"model": "admin.logentry", "pk": 21, "fields": {"action_time": "2017-04-10T20:21:36.173Z", "user": 2, "content_type": 9, "object_id": "12", "object_repr": "\u041a\u043e\u043d\u0441\u0443\u043b\u044c\u0442\u0430\u0446\u0438\u044f \u0432\u0440\u0430\u0447\u0430 \u0430\u043b\u043b\u0435\u0440\u0433\u043e\u043b\u043e\u0433\u0430 - \u043f\u0443\u043b\u044c\u043c\u043e\u043d\u043e\u043b\u043e\u0433\u0430, \u0414\u041c\u041d, \u043f\u0440\u043e\u0444\u0435\u0441\u0441\u043e\u0440\u0430", "action_flag": 1, "change_message": "[{\"added\": {}}]"}}, {"model": "admin.logentry", "pk": 22, "fields": {"action_time": "2017-04-10T20:21:42.360Z", "user": 2, "content_type": 9, "object_id": "13", "object_repr": "\u041a\u043e\u043d\u0441\u0443\u043b\u044c\u0442\u0430\u0446\u0438\u044f \u0432\u0440\u0430\u0447\u0430 - \u043e\u0444\u0442\u0430\u043b\u044c\u043c\u043e\u043b\u043e\u0433\u0430 \u0441 \u043e\u0431\u0441\u043b\u0435\u0434\u043e\u0432\u0430\u043d\u0438\u0435\u043c", "action_flag": 1, "change_message": "[{\"added\": {}}]"}}, {"model": "admin.logentry", "pk": 23, "fields": {"action_time": "2017-04-10T20:21:52.776Z", "user": 2, "content_type": 9, "object_id": "14", "object_repr": "\u041e\u0441\u043c\u043e\u0442\u0440 \u043e\u0444\u0442\u0430\u043b\u044c\u043c\u043e\u043b\u043e\u0433\u0430 \u043f\u043e\u0441\u043b\u0435 \u043f\u0440\u043e\u0445\u043e\u0436\u0434\u0435\u043d\u0438\u044f \u043a\u0443\u0440\u0441\u0430 \u0430\u043f\u043f\u0430\u0440\u0430\u0442\u043d\u043e\u0433\u043e \u043b\u0435\u0447\u0435\u043d\u0438\u044f \u0432 \u043a\u0430\u0431\u0438\u043d\u0435\u0442\u0435 \u043e\u0445\u0440\u0430\u043d\u044b \u0437\u0440\u0435\u043d\u0438\u044f", "action_flag": 1, "change_message": "[{\"added\": {}}]"}}, {"model": "admin.logentry", "pk": 24, "fields": {"action_time": "2017-04-10T20:22:02.260Z", "user": 2, "content_type": 9, "object_id": "15", "object_repr": "\u041e\u0444\u043e\u0440\u043c\u043b\u0435\u043d\u0438\u0435 \u0441\u043f\u0440\u0430\u0432\u043a\u0438 \u0432 \u0431\u0430\u0441\u0441\u0435\u0439\u043d", "action_flag": 1, "change_message": "[{\"added\": {}}]"}}, {"model": "admin.logentry", "pk": 25, "fields": {"action_time": "2017-04-10T20:22:07.867Z", "user": 2, "content_type": 9, "object_id": "16", "object_repr": "\u0421\u043f\u0440\u0430\u0432\u043a\u0430 \u043e \u044d\u043f\u0438\u0434\u0431\u043b\u0430\u0433\u043e\u043f\u043e\u043b\u0443\u0447\u0438\u0438", "action_flag": 1, "change_message": "[{\"added\": {}}]"}}, {"model": "admin.logentry", "pk": 26, "fields": {"action_time": "2017-04-10T20:22:14.299Z", "user": 2, "content_type": 9, "object_id": "17", "object_repr": "\u041e\u0444\u043e\u0440\u043c\u043b\u0435\u043d\u0438\u0435 \u043f\u0440\u0438\u0432\u0438\u0432\u043e\u0447\u043d\u043e\u0433\u043e \u0441\u0435\u0440\u0442\u0438\u0444\u0438\u043a\u0430\u0442\u0430", "action_flag": 1, "change_message": "[{\"added\": {}}]"}}, {"model": "admin.logentry", "pk": 27, "fields": {"action_time": "2017-04-10T20:22:27.996Z", "user": 2, "content_type": 9, "object_id": "18", "object_repr": "\u041e\u0444\u043e\u0440\u043c\u043b\u0435\u043d\u0438\u0435 \u0441\u0430\u043d\u0430\u0442\u043e\u0440\u043d\u043e - \u043a\u0443\u0440\u043e\u0440\u0442\u043d\u043e\u0439 \u043a\u0430\u0440\u0442\u044b \u0434\u043b\u044f \u0436\u0435\u043d\u0449\u0438\u043d (\u0432 \u0441\u0442\u043e\u0438\u043c\u043e\u0441\u0442\u044c \u0432\u043a\u043b\u044e\u0447\u0435\u043d\u044b \u0430\u043d\u0430\u043b\u0438\u0437\u044b) \u043a\u043e\u043c\u043f\u043b\u0435\u043a\u0441 \u0441\u043e \u0441\u043a\u0438\u0434\u043a\u043e\u0439 10%", "action_flag": 1, "change_message": "[{\"added\": {}}]"}}, {"model": "admin.logentry", "pk": 28, "fields": {"action_time": "2017-04-10T20:22:34.569Z", "user": 2, "content_type": 9, "object_id": "19", "object_repr": "\u041e\u0444\u043e\u0440\u043c\u043b\u0435\u043d\u0438\u0435 \u0441\u0430\u043d\u0430\u0442\u043e\u0440\u043d\u043e - \u043a\u0443\u0440\u043e\u0440\u0442\u043d\u043e\u0439 \u043a\u0430\u0440\u0442\u044b \u0434\u043b\u044f \u043c\u0443\u0436\u0447\u0438\u043d(\u0432 \u0441\u0442\u043e\u0438\u043c\u043e\u0441\u0442\u044c \u0432\u043a\u043b\u044e\u0447\u0435\u043d\u044b \u0430\u043d\u0430\u043b\u0438\u0437\u044b) \u043a\u043e\u043c\u043f\u043b\u0435\u043a\u0441 \u0441\u043e \u0441\u043a\u0438\u0434\u043a\u043e\u0439 10%", "action_flag": 1, "change_message": "[{\"added\": {}}]"}}, {"model": "admin.logentry", "pk": 29, "fields": {"action_time": "2017-04-10T20:35:00.512Z", "user": 2, "content_type": 12, "object_id": "1", "object_repr": "\u0414\u0438\u043d\u0430\u0441\u0442\u0438\u044f, \u0421\u0435\u043c\u0435\u0439\u043d\u0430\u044f \u041a\u043b\u0438\u043d\u0438\u043a\u0430", "action_flag": 1, "change_message": "[{\"added\": {}}]"}}, {"model": "admin.logentry", "pk": 30, "fields": {"action_time": "2017-04-10T20:35:39.041Z", "user": 2, "content_type": 12, "object_id": "2", "object_repr": "\u0417\u0434\u043e\u0440\u043e\u0432\u044c\u0435 365", "action_flag": 1, "change_message": "[{\"added\": {}}]"}}, {"model": "admin.logentry", "pk": 31, "fields": {"action_time": "2017-04-10T20:36:01.061Z", "user": 2, "content_type": 12, "object_id": "3", "object_repr": "\u0412\u0430\u0448 \u0441\u0435\u043c\u0435\u0439\u043d\u044b\u0439 \u0434\u043e\u043a\u0442\u043e\u0440", "action_flag": 1, "change_message": "[{\"added\": {}}]"}}, {"model": "admin.logentry", "pk": 32, "fields": {"action_time": "2017-04-10T20:36:26.020Z", "user": 2, "content_type": 12, "object_id": "4", "object_repr": "\u041e\u043b\u043c\u0435\u0434", "action_flag": 1, "change_message": "[{\"added\": {}}]"}}, {"model": "admin.logentry", "pk": 33, "fields": {"action_time": "2017-04-10T20:46:05.897Z", "user": 2, "content_type": 4, "object_id": "3", "object_repr": "person1", "action_flag": 1, "change_message": "[{\"added\": {}}]"}}, {"model": "admin.logentry", "pk": 34, "fields": {"action_time": "2017-04-10T20:46:15.434Z", "user": 2, "content_type": 4, "object_id": "4", "object_repr": "person2", "action_flag": 1, "change_message": "[{\"added\": {}}]"}}, {"model": "admin.logentry", "pk": 35, "fields": {"action_time": "2017-04-10T20:46:43.816Z", "user": 2, "content_type": 4, "object_id": "5", "object_repr": "person3", "action_flag": 1, "change_message": "[{\"added\": {}}]"}}, {"model": "admin.logentry", "pk": 36, "fields": {"action_time": "2017-04-10T20:46:49.525Z", "user": 2, "content_type": 4, "object_id": "6", "object_repr": "person5", "action_flag": 1, "change_message": "[{\"added\": {}}]"}}, {"model": "admin.logentry", "pk": 37, "fields": {"action_time": "2017-04-10T20:46:55.363Z", "user": 2, "content_type": 4, "object_id": "7", "object_repr": "person6", "action_flag": 1, "change_message": "[{\"added\": {}}]"}}, {"model": "admin.logentry", "pk": 38, "fields": {"action_time": "2017-04-10T20:47:01.156Z", "user": 2, "content_type": 4, "object_id": "8", "object_repr": "person7", "action_flag": 1, "change_message": "[{\"added\": {}}]"}}, {"model": "admin.logentry", "pk": 39, "fields": {"action_time": "2017-04-10T20:49:11.596Z", "user": 2, "content_type": 4, "object_id": "3", "object_repr": "person1", "action_flag": 2, "change_message": "[{\"changed\": {\"fields\": [\"first_name\", \"last_name\", \"email\"]}}]"}}, {"model": "admin.logentry", "pk": 40, "fields": {"action_time": "2017-04-10T20:49:52.546Z", "user": 2, "content_type": 4, "object_id": "4", "object_repr": "person2", "action_flag": 2, "change_message": "[{\"changed\": {\"fields\": [\"first_name\", \"last_name\"]}}]"}}, {"model": "admin.logentry", "pk": 41, "fields": {"action_time": "2017-04-10T20:50:09.947Z", "user": 2, "content_type": 4, "object_id": "5", "object_repr": "person3", "action_flag": 2, "change_message": "[{\"changed\": {\"fields\": [\"first_name\", \"last_name\"]}}]"}}, {"model": "admin.logentry", "pk": 42, "fields": {"action_time": "2017-04-10T20:50:26.385Z", "user": 2, "content_type": 4, "object_id": "6", "object_repr": "person5", "action_flag": 2, "change_message": "[{\"changed\": {\"fields\": [\"first_name\", \"last_name\"]}}]"}}, {"model": "admin.logentry", "pk": 43, "fields": {"action_time": "2017-04-10T20:50:43.636Z", "user": 2, "content_type": 4, "object_id": "7", "object_repr": "person6", "action_flag": 2, "change_message": "[{\"changed\": {\"fields\": [\"first_name\", \"last_name\"]}}]"}}, {"model": "admin.logentry", "pk": 44, "fields": {"action_time": "2017-04-10T20:50:55.250Z", "user": 2, "content_type": 4, "object_id": "8", "object_repr": "person7", "action_flag": 2, "change_message": "[{\"changed\": {\"fields\": [\"first_name\", \"last_name\"]}}]"}}, {"model": "admin.logentry", "pk": 45, "fields": {"action_time": "2017-04-10T20:51:08.995Z", "user": 2, "content_type": 4, "object_id": "1", "object_repr": "some_dude", "action_flag": 2, "change_message": "[{\"changed\": {\"fields\": [\"first_name\", \"last_name\"]}}]"}}, {"model": "admin.logentry", "pk": 46, "fields": {"action_time": "2017-04-10T20:52:13.933Z", "user": 2, "content_type": 11, "object_id": "1", "object_repr": "\u041d\u0430\u0434\u0435\u0436\u0434\u0430", "action_flag": 1, "change_message": "[{\"added\": {}}]"}}, {"model": "admin.logentry", "pk": 47, "fields": {"action_time": "2017-04-10T20:52:43.495Z", "user": 2, "content_type": 11, "object_id": "2", "object_repr": "\u0418\u0433\u043e\u0440\u044c", "action_flag": 1, "change_message": "[{\"added\": {}}]"}}, {"model": "admin.logentry", "pk": 48, "fields": {"action_time": "2017-04-10T20:53:08.430Z", "user": 2, "content_type": 11, "object_id": "3", "object_repr": "\u0418\u0433\u043e\u0440\u044c", "action_flag": 1, "change_message": "[{\"added\": {}}]"}}, {"model": "admin.logentry", "pk": 49, "fields": {"action_time": "2017-04-10T20:53:50.589Z", "user": 2, "content_type": 11, "object_id": "4", "object_repr": "\u041a\u043e\u043d\u0441\u0442\u0430\u043d\u0442\u0438\u043d \u0420\u0435\u043f\u0438\u043d", "action_flag": 1, "change_message": "[{\"added\": {}}]"}}, {"model": "admin.logentry", "pk": 50, "fields": {"action_time": "2017-04-10T20:54:00.083Z", "user": 2, "content_type": 11, "object_id": "5", "object_repr": "\u042e\u0440\u0438\u0439 \u0420\u044b\u0431\u0438\u043d", "action_flag": 1, "change_message": "[{\"added\": {}}]"}}, {"model": "admin.logentry", "pk": 51, "fields": {"action_time": "2017-04-10T20:54:09.925Z", "user": 2, "content_type": 11, "object_id": "6", "object_repr": "\u0422\u0430\u0442\u044c\u044f\u043d\u0430 \u0423\u043b\u044c\u044f\u043d\u043e\u0432\u0430", "action_flag": 1, "change_message": "[{\"added\": {}}]"}}, {"model": "admin.logentry", "pk": 52, "fields": {"action_time": "2017-04-10T20:54:20.973Z", "user": 2, "content_type": 11, "object_id": "7", "object_repr": "\u0412\u043b\u0430\u0434\u0438\u043c\u0438\u0440 \u0426\u0430\u043f", "action_flag": 1, "change_message": "[{\"added\": {}}]"}}, {"model": "admin.logentry", "pk": 53, "fields": {"action_time": "2017-04-10T21:00:12.039Z", "user": 2, "content_type": 12, "object_id": "4", "object_repr": "\u041e\u043b\u043c\u0435\u0434", "action_flag": 2, "change_message": "[{\"changed\": {\"fields\": [\"slug\"]}}]"}}, {"model": "admin.logentry", "pk": 54, "fields": {"action_time": "2017-04-10T21:00:32.382Z", "user": 2, "content_type": 12, "object_id": "4", "object_repr": "\u041e\u043b\u043c\u0435\u0434", "action_flag": 2, "change_message": "[{\"changed\": {\"fields\": [\"slug\"]}}]"}}, {"model": "admin.logentry", "pk": 55, "fields": {"action_time": "2017-04-10T21:00:56.164Z", "user": 2, "content_type": 12, "object_id": "4", "object_repr": "olmed", "action_flag": 2, "change_message": "[{\"changed\": {\"fields\": [\"name\", \"slug\"]}}]"}}, {"model": "admin.logentry", "pk": 56, "fields": {"action_time": "2017-04-10T21:01:07.169Z", "user": 2, "content_type": 12, "object_id": "3", "object_repr": "\u0412\u0430\u0448 \u0441\u0435\u043c\u0435\u0439\u043d\u044b\u0439 \u0434\u043e\u043a\u0442\u043e\u0440", "action_flag": 2, "change_message": "[{\"changed\": {\"fields\": [\"slug\"]}}]"}}, {"model": "admin.logentry", "pk": 57, "fields": {"action_time": "2017-04-10T21:06:03.687Z", "user": 2, "content_type": 12, "object_id": "4", "object_repr": "\u0410\u043b\u043c\u0435\u0434", "action_flag": 2, "change_message": "[{\"changed\": {\"fields\": [\"name\"]}}]"}}, {"model": "admin.logentry", "pk": 58, "fields": {"action_time": "2017-04-10T21:06:08.984Z", "user": 2, "content_type": 12, "object_id": "4", "object_repr": "\u0410\u043b\u043c\u0435\u0434", "action_flag": 2, "change_message": "[{\"changed\": {\"fields\": [\"slug\"]}}]"}}, {"model": "admin.logentry", "pk": 59, "fields": {"action_time": "2017-04-10T21:06:13.520Z", "user": 2, "content_type": 12, "object_id": "3", "object_repr": "\u0412\u0430\u0448 \u0441\u0435\u043c\u0435\u0439\u043d\u044b\u0439 \u0434\u043e\u043a\u0442\u043e\u0440", "action_flag": 2, "change_message": "[{\"changed\": {\"fields\": [\"slug\"]}}]"}}, {"model": "admin.logentry", "pk": 60, "fields": {"action_time": "2017-04-10T21:06:43.827Z", "user": 2, "content_type": 12, "object_id": "2", "object_repr": "\u0417\u0434\u043e\u0440\u043e\u0432\u044c\u0435 365", "action_flag": 2, "change_message": "[]"}}, {"model": "admin.logentry", "pk": 61, "fields": {"action_time": "2017-04-10T21:06:48.608Z", "user": 2, "content_type": 12, "object_id": "1", "object_repr": "\u0414\u0438\u043d\u0430\u0441\u0442\u0438\u044f, \u0421\u0435\u043c\u0435\u0439\u043d\u0430\u044f \u041a\u043b\u0438\u043d\u0438\u043a\u0430", "action_flag": 2, "change_message": "[{\"changed\": {\"fields\": [\"slug\"]}}]"}}, {"model": "admin.logentry", "pk": 62, "fields": {"action_time": "2017-04-10T21:07:07.152Z", "user": 2, "content_type": 12, "object_id": "4", "object_repr": "\u0410\u043b\u043c\u0435\u0434", "action_flag": 2, "change_message": "[{\"changed\": {\"fields\": [\"slug\"]}}]"}}, {"model": "admin.logentry", "pk": 63, "fields": {"action_time": "2017-04-10T21:07:15.050Z", "user": 2, "content_type": 12, "object_id": "4", "object_repr": "\u0410\u043b\u043c\u0435\u0434", "action_flag": 2, "change_message": "[{\"changed\": {\"fields\": [\"slug\"]}}]"}}, {"model": "admin.logentry", "pk": 64, "fields": {"action_time": "2017-04-10T21:07:22.007Z", "user": 2, "content_type": 12, "object_id": "3", "object_repr": "\u0412\u0430\u0448 \u0441\u0435\u043c\u0435\u0439\u043d\u044b\u0439 \u0434\u043e\u043a\u0442\u043e\u0440", "action_flag": 2, "change_message": "[{\"changed\": {\"fields\": [\"slug\"]}}]"}}, {"model": "admin.logentry", "pk": 65, "fields": {"action_time": "2017-04-10T21:07:30.797Z", "user": 2, "content_type": 12, "object_id": "3", "object_repr": "\u0412\u0430\u0448 \u0441\u0435\u043c\u0435\u0439\u043d\u044b\u0439 \u0434\u043e\u043a\u0442\u043e\u0440", "action_flag": 2, "change_message": "[{\"changed\": {\"fields\": [\"slug\"]}}]"}}, {"model": "admin.logentry", "pk": 66, "fields": {"action_time": "2017-04-10T21:07:48.345Z", "user": 2, "content_type": 12, "object_id": "3", "object_repr": "\u0412\u0430\u0448 \u0441\u0435\u043c\u0435\u0439\u043d\u044b\u0439 \u0434\u043e\u043a\u0442\u043e\u0440", "action_flag": 2, "change_message": "[{\"changed\": {\"fields\": [\"slug\"]}}]"}}, {"model": "admin.logentry", "pk": 67, "fields": {"action_time": "2017-04-10T21:07:59.873Z", "user": 2, "content_type": 12, "object_id": "3", "object_repr": "\u0412\u0430\u0448 \u0441\u0435\u043c\u0435\u0439\u043d\u044b\u0439 \u0434\u043e\u043a\u0442\u043e\u0440", "action_flag": 2, "change_message": "[{\"changed\": {\"fields\": [\"slug\"]}}]"}}, {"model": "admin.logentry", "pk": 68, "fields": {"action_time": "2017-04-10T21:08:10.191Z", "user": 2, "content_type": 12, "object_id": "1", "object_repr": "\u0414\u0438\u043d\u0430\u0441\u0442\u0438\u044f, \u0421\u0435\u043c\u0435\u0439\u043d\u0430\u044f \u041a\u043b\u0438\u043d\u0438\u043a\u0430", "action_flag": 2, "change_message": "[{\"changed\": {\"fields\": [\"slug\"]}}]"}}, {"model": "admin.logentry", "pk": 69, "fields": {"action_time": "2017-04-10T21:09:16.604Z", "user": 2, "content_type": 12, "object_id": "4", "object_repr": "\u0410\u043b\u043c\u0435\u0434", "action_flag": 2, "change_message": "[{\"changed\": {\"fields\": [\"slug\"]}}]"}}, {"model": "admin.logentry", "pk": 70, "fields": {"action_time": "2017-04-10T21:09:20.991Z", "user": 2, "content_type": 12, "object_id": "3", "object_repr": "\u0412\u0430\u0448 \u0441\u0435\u043c\u0435\u0439\u043d\u044b\u0439 \u0434\u043e\u043a\u0442\u043e\u0440", "action_flag": 2, "change_message": "[{\"changed\": {\"fields\": [\"slug\"]}}]"}}, {"model": "admin.logentry", "pk": 71, "fields": {"action_time": "2017-04-10T21:09:33.259Z", "user": 2, "content_type": 12, "object_id": "2", "object_repr": "\u0417\u0434\u043e\u0440\u043e\u0432\u044c\u0435 365", "action_flag": 2, "change_message": "[]"}}, {"model": "admin.logentry", "pk": 72, "fields": {"action_time": "2017-04-10T21:09:38.998Z", "user": 2, "content_type": 12, "object_id": "1", "object_repr": "\u0414\u0438\u043d\u0430\u0441\u0442\u0438\u044f, \u0421\u0435\u043c\u0435\u0439\u043d\u0430\u044f \u041a\u043b\u0438\u043d\u0438\u043a\u0430", "action_flag": 2, "change_message": "[{\"changed\": {\"fields\": [\"slug\"]}}]"}}, {"model": "admin.logentry", "pk": 73, "fields": {"action_time": "2017-04-10T21:10:17.327Z", "user": 2, "content_type": 12, "object_id": "4", "object_repr": "\u0410\u043b\u043c\u0435\u0434", "action_flag": 2, "change_message": "[{\"changed\": {\"fields\": [\"slug\"]}}]"}}, {"model": "admin.logentry", "pk": 74, "fields": {"action_time": "2017-04-10T21:10:24.613Z", "user": 2, "content_type": 12, "object_id": "3", "object_repr": "\u0412\u0430\u0448 \u0441\u0435\u043c\u0435\u0439\u043d\u044b\u0439 \u0434\u043e\u043a\u0442\u043e\u0440", "action_flag": 2, "change_message": "[{\"changed\": {\"fields\": [\"slug\"]}}]"}}, {"model": "admin.logentry", "pk": 75, "fields": {"action_time": "2017-04-10T21:10:27.719Z", "user": 2, "content_type": 12, "object_id": "2", "object_repr": "\u0417\u0434\u043e\u0440\u043e\u0432\u044c\u0435 365", "action_flag": 2, "change_message": "[]"}}, {"model": "admin.logentry", "pk": 76, "fields": {"action_time": "2017-04-10T21:10:34.693Z", "user": 2, "content_type": 12, "object_id": "1", "object_repr": "\u0414\u0438\u043d\u0430\u0441\u0442\u0438\u044f, \u0421\u0435\u043c\u0435\u0439\u043d\u0430\u044f \u041a\u043b\u0438\u043d\u0438\u043a\u0430", "action_flag": 2, "change_message": "[{\"changed\": {\"fields\": [\"slug\"]}}]"}}]